"","Filter","Candidate","Votes","P.Vote","County"
"1","President/Vice-President","Hillary Clinton","996","75.63%",1
"2","President/Vice-President","Bernie Sanders","299","22.70%",1
"3","President/Vice-President","Hillary Clinton","76","66.09%",2
"4","President/Vice-President","Bernie Sanders","38","33.04%",2
"5","President/Vice-President","Hillary Clinton","1,950","73.70%",3
"6","President/Vice-President","Bernie Sanders","622","23.51%",3
"7","President/Vice-President","Hillary Clinton","488","63.05%",4
"8","President/Vice-President","Bernie Sanders","272","35.14%",4
"9","President/Vice-President","Hillary Clinton","99","58.93%",5
"10","President/Vice-President","Bernie Sanders","64","38.10%",5
"11","President/Vice-President","Hillary Clinton","1","20.00%",6
"12","President/Vice-President","Bernie Sanders","4","80.00%",6
"13","President/Vice-President","Hillary Clinton","1,355","71.69%",7
"14","President/Vice-President","Bernie Sanders","478","25.29%",7
"15","President/Vice-President","Hillary Clinton","492","73.43%",8
"16","President/Vice-President","Bernie Sanders","165","24.63%",8
"17","President/Vice-President","Hillary Clinton","84","71.19%",9
"18","President/Vice-President","Bernie Sanders","29","24.58%",9
"19","President/Vice-President","Hillary Clinton","378","55.43%",10
"20","President/Vice-President","Bernie Sanders","294","43.11%",10
"21","President/Vice-President","Hillary Clinton","2,896","59.03%",11
"22","President/Vice-President","Bernie Sanders","1,950","39.75%",11
"23","President/Vice-President","Hillary Clinton","46","61.33%",12
"24","President/Vice-President","Bernie Sanders","24","32.00%",12
"25","President/Vice-President","Hillary Clinton","1,133","75.08%",13
"26","President/Vice-President","Bernie Sanders","320","21.21%",13
"27","President/Vice-President","Hillary Clinton","7,430","69.90%",14
"28","President/Vice-President","Bernie Sanders","3,090","29.07%",14
"29","President/Vice-President","Hillary Clinton","76,533","66.83%",15
"30","President/Vice-President","Bernie Sanders","36,750","32.09%",15
"31","President/Vice-President","Hillary Clinton","284","54.93%",16
"32","President/Vice-President","Bernie Sanders","232","44.87%",16
"33","President/Vice-President","Hillary Clinton","4","80.00%",17
"34","President/Vice-President","Bernie Sanders","1","20.00%",17
"35","President/Vice-President","Hillary Clinton","353","62.59%",18
"36","President/Vice-President","Bernie Sanders","199","35.28%",18
"37","President/Vice-President","Hillary Clinton","2,437","76.68%",19
"38","President/Vice-President","Bernie Sanders","687","21.62%",19
"39","President/Vice-President","Hillary Clinton","9,009","69.61%",20
"40","President/Vice-President","Bernie Sanders","3,721","28.75%",20
"41","President/Vice-President","Hillary Clinton","3,561","49.07%",21
"42","President/Vice-President","Bernie Sanders","3,589","49.46%",21
"43","President/Vice-President","Hillary Clinton","701","43.70%",22
"44","President/Vice-President","Bernie Sanders","771","48.07%",22
"45","President/Vice-President","Hillary Clinton","16","57.14%",23
"46","President/Vice-President","Bernie Sanders","11","39.29%",23
"47","President/Vice-President","Hillary Clinton","1,603","74.35%",24
"48","President/Vice-President","Bernie Sanders","362","16.79%",24
"49","President/Vice-President","Hillary Clinton","319","58.53%",25
"50","President/Vice-President","Bernie Sanders","212","38.90%",25
"51","President/Vice-President","Hillary Clinton","469","73.97%",26
"52","President/Vice-President","Bernie Sanders","149","23.50%",26
"53","President/Vice-President","Hillary Clinton","878","59.44%",27
"54","President/Vice-President","Bernie Sanders","580","39.27%",27
"55","President/Vice-President","Hillary Clinton","1,543","66.08%",28
"56","President/Vice-President","Bernie Sanders","742","31.78%",28
"57","President/Vice-President","Hillary Clinton","709","66.57%",29
"58","President/Vice-President","Bernie Sanders","305","28.64%",29
"59","President/Vice-President","Hillary Clinton","87","44.16%",30
"60","President/Vice-President","Bernie Sanders","104","52.79%",30
"61","President/Vice-President","Hillary Clinton","20,332","68.21%",31
"62","President/Vice-President","Bernie Sanders","8,320","27.91%",31
"63","President/Vice-President","Hillary Clinton","484","76.58%",32
"64","President/Vice-President","Bernie Sanders","134","21.20%",32
"65","President/Vice-President","Hillary Clinton","50","62.50%",33
"66","President/Vice-President","Bernie Sanders","30","37.50%",33
"67","President/Vice-President","Hillary Clinton","778","73.05%",34
"68","President/Vice-President","Bernie Sanders","265","24.88%",34
"69","President/Vice-President","Hillary Clinton","127","73.84%",35
"70","President/Vice-President","Bernie Sanders","40","23.26%",35
"71","President/Vice-President","Hillary Clinton","688","67.85%",36
"72","President/Vice-President","Bernie Sanders","295","29.09%",36
"73","President/Vice-President","Hillary Clinton","990","74.16%",37
"74","President/Vice-President","Bernie Sanders","324","24.27%",37
"75","President/Vice-President","Hillary Clinton","54","58.70%",38
"76","President/Vice-President","Bernie Sanders","34","36.96%",38
"77","President/Vice-President","Hillary Clinton","120","62.50%",39
"78","President/Vice-President","Bernie Sanders","65","33.85%",39
"79","President/Vice-President","Hillary Clinton","4","50.00%",40
"80","President/Vice-President","Bernie Sanders","3","37.50%",40
"81","President/Vice-President","Hillary Clinton","25","48.08%",41
"82","President/Vice-President","Bernie Sanders","25","48.08%",41
"83","President/Vice-President","Hillary Clinton","75","60.00%",42
"84","President/Vice-President","Bernie Sanders","49","39.20%",42
"85","President/Vice-President","Hillary Clinton","23,670","59.12%",43
"86","President/Vice-President","Bernie Sanders","16,171","40.39%",43
"87","President/Vice-President","Hillary Clinton","36","59.02%",44
"88","President/Vice-President","Bernie Sanders","24","39.34%",44
"89","President/Vice-President","Hillary Clinton","474","74.76%",45
"90","President/Vice-President","Bernie Sanders","150","23.66%",45
"91","President/Vice-President","Hillary Clinton","3,112","59.97%",46
"92","President/Vice-President","Bernie Sanders","2,027","39.06%",46
"93","President/Vice-President","Hillary Clinton","221","63.51%",47
"94","President/Vice-President","Bernie Sanders","117","33.62%",47
"95","President/Vice-President","Hillary Clinton","27","69.23%",48
"96","President/Vice-President","Bernie Sanders","11","28.21%",48
"97","President/Vice-President","Hillary Clinton","449","56.41%",49
"98","President/Vice-President","Bernie Sanders","334","41.96%",49
"99","President/Vice-President","Hillary Clinton","1,010","62.66%",50
"100","President/Vice-President","Bernie Sanders","577","35.79%",50
"101","President/Vice-President","Hillary Clinton","27","57.45%",51
"102","President/Vice-President","Bernie Sanders","18","38.30%",51
"103","President/Vice-President","Hillary Clinton","62","65.96%",52
"104","President/Vice-President","Bernie Sanders","24","25.53%",52
"105","President/Vice-President","Hillary Clinton","266","37.73%",53
"106","President/Vice-President","Bernie Sanders","240","34.04%",53
"107","President/Vice-President","Hillary Clinton","131","58.22%",54
"108","President/Vice-President","Bernie Sanders","91","40.44%",54
"109","President/Vice-President","Hillary Clinton","358","62.15%",55
"110","President/Vice-President","Bernie Sanders","160","27.78%",55
"111","President/Vice-President","Hillary Clinton","24","61.54%",56
"112","President/Vice-President","Bernie Sanders","13","33.33%",56
"113","President/Vice-President","Hillary Clinton","113,664","71.45%",57
"114","President/Vice-President","Bernie Sanders","44,275","27.83%",57
"115","President/Vice-President","Hillary Clinton","92","70.23%",58
"116","President/Vice-President","Bernie Sanders","34","25.95%",58
"117","President/Vice-President","Hillary Clinton","200","67.80%",59
"118","President/Vice-President","Bernie Sanders","86","29.15%",59
"119","President/Vice-President","Hillary Clinton","110","67.90%",60
"120","President/Vice-President","Bernie Sanders","51","31.48%",60
"121","President/Vice-President","Hillary Clinton","16,491","50.73%",61
"122","President/Vice-President","Bernie Sanders","15,781","48.55%",61
"123","President/Vice-President","Hillary Clinton","293","70.26%",62
"124","President/Vice-President","Bernie Sanders","113","27.10%",62
"125","President/Vice-President","Hillary Clinton","13","52.00%",63
"126","President/Vice-President","Bernie Sanders","11","44.00%",63
"127","President/Vice-President","Hillary Clinton","1,804","68.88%",64
"128","President/Vice-President","Bernie Sanders","534","20.39%",64
"129","President/Vice-President","Hillary Clinton","33","47.83%",65
"130","President/Vice-President","Bernie Sanders","35","50.72%",65
"131","President/Vice-President","Hillary Clinton","2,273","76.17%",66
"132","President/Vice-President","Bernie Sanders","523","17.53%",66
"133","President/Vice-President","Hillary Clinton","171","55.70%",67
"134","President/Vice-President","Bernie Sanders","122","39.74%",67
"135","President/Vice-President","Hillary Clinton","1,855","64.93%",68
"136","President/Vice-President","Bernie Sanders","942","32.97%",68
"137","President/Vice-President","Hillary Clinton","42","57.53%",69
"138","President/Vice-President","Bernie Sanders","27","36.99%",69
"139","President/Vice-President","Hillary Clinton","3,725","69.47%",70
"140","President/Vice-President","Bernie Sanders","1,568","29.24%",70
"141","President/Vice-President","Hillary Clinton","36,140","66.02%",71
"142","President/Vice-President","Bernie Sanders","17,234","31.48%",71
"143","President/Vice-President","Hillary Clinton","427","52.52%",72
"144","President/Vice-President","Bernie Sanders","365","44.90%",72
"145","President/Vice-President","Hillary Clinton","551","81.39%",73
"146","President/Vice-President","Bernie Sanders","115","16.99%",73
"147","President/Vice-President","Hillary Clinton","507","62.98%",74
"148","President/Vice-President","Bernie Sanders","279","34.66%",74
"149","President/Vice-President","Hillary Clinton","584","63.89%",75
"150","President/Vice-President","Bernie Sanders","309","33.81%",75
"151","President/Vice-President","Hillary Clinton","226","53.30%",76
"152","President/Vice-President","Bernie Sanders","146","34.43%",76
"153","President/Vice-President","Hillary Clinton","60","65.93%",77
"154","President/Vice-President","Bernie Sanders","24","26.37%",77
"155","President/Vice-President","Hillary Clinton","80","34.33%",78
"156","President/Vice-President","Bernie Sanders","112","48.07%",78
"157","President/Vice-President","Hillary Clinton","29,259","74.63%",79
"158","President/Vice-President","Bernie Sanders","9,774","24.93%",79
"159","President/Vice-President","Hillary Clinton","164","67.77%",80
"160","President/Vice-President","Bernie Sanders","73","30.17%",80
"161","President/Vice-President","Hillary Clinton","380","76.77%",81
"162","President/Vice-President","Bernie Sanders","102","20.61%",81
"163","President/Vice-President","Hillary Clinton","1,864","67.73%",82
"164","President/Vice-President","Bernie Sanders","630","22.89%",82
"165","President/Vice-President","Hillary Clinton","91","55.83%",83
"166","President/Vice-President","Bernie Sanders","59","36.20%",83
"167","President/Vice-President","Hillary Clinton","9,466","68.20%",84
"168","President/Vice-President","Bernie Sanders","4,241","30.56%",84
"169","President/Vice-President","Hillary Clinton","35","56.45%",85
"170","President/Vice-President","Bernie Sanders","22","35.48%",85
"171","President/Vice-President","Hillary Clinton","493","60.86%",86
"172","President/Vice-President","Bernie Sanders","314","38.77%",86
"173","President/Vice-President","Hillary Clinton","4","50.00%",87
"174","President/Vice-President","Bernie Sanders","4","50.00%",87
"175","President/Vice-President","Hillary Clinton","389","66.38%",88
"176","President/Vice-President","Bernie Sanders","151","25.77%",88
"177","President/Vice-President","Hillary Clinton","368","72.30%",89
"178","President/Vice-President","Bernie Sanders","129","25.34%",89
"179","President/Vice-President","Hillary Clinton","111","53.88%",90
"180","President/Vice-President","Bernie Sanders","86","41.75%",90
"181","President/Vice-President","Hillary Clinton","1,940","52.82%",91
"182","President/Vice-President","Bernie Sanders","1,687","45.93%",91
"183","President/Vice-President","Hillary Clinton","3,423","78.04%",92
"184","President/Vice-President","Bernie Sanders","911","20.77%",92
"185","President/Vice-President","Hillary Clinton","584","73.18%",93
"186","President/Vice-President","Bernie Sanders","201","25.19%",93
"187","President/Vice-President","Hillary Clinton","3,793","63.93%",94
"188","President/Vice-President","Bernie Sanders","2,067","34.84%",94
"189","President/Vice-President","Hillary Clinton","312","60.35%",95
"190","President/Vice-President","Bernie Sanders","176","34.04%",95
"191","President/Vice-President","Hillary Clinton","63","64.29%",96
"192","President/Vice-President","Bernie Sanders","28","28.57%",96
"193","President/Vice-President","Hillary Clinton","118","56.46%",97
"194","President/Vice-President","Bernie Sanders","84","40.19%",97
"195","President/Vice-President","Hillary Clinton","21","58.33%",98
"196","President/Vice-President","Bernie Sanders","13","36.11%",98
"197","President/Vice-President","Hillary Clinton","71","39.44%",99
"198","President/Vice-President","Bernie Sanders","88","48.89%",99
"199","President/Vice-President","Hillary Clinton","625","59.52%",100
"200","President/Vice-President","Bernie Sanders","398","37.90%",100
"201","President/Vice-President","Hillary Clinton","157,000","70.50%",101
"202","President/Vice-President","Bernie Sanders","63,416","28.48%",101
"203","President/Vice-President","Hillary Clinton","2,046","76.89%",102
"204","President/Vice-President","Bernie Sanders","530","19.92%",102
"205","President/Vice-President","Hillary Clinton","29","55.77%",103
"206","President/Vice-President","Bernie Sanders","19","36.54%",103
"207","President/Vice-President","Hillary Clinton","159","58.67%",104
"208","President/Vice-President","Bernie Sanders","93","34.32%",104
"209","President/Vice-President","Hillary Clinton","6,634","46.94%",105
"210","President/Vice-President","Bernie Sanders","7,322","51.81%",105
"211","President/Vice-President","Hillary Clinton","15","65.22%",106
"212","President/Vice-President","Bernie Sanders","8","34.78%",106
"213","President/Vice-President","Hillary Clinton","1,593","71.56%",107
"214","President/Vice-President","Bernie Sanders","598","26.86%",107
"215","President/Vice-President","Hillary Clinton","40,308","69.06%",108
"216","President/Vice-President","Bernie Sanders","15,907","27.25%",108
"217","President/Vice-President","Hillary Clinton","718","69.10%",109
"218","President/Vice-President","Bernie Sanders","297","28.59%",109
"219","President/Vice-President","Hillary Clinton","183","58.28%",110
"220","President/Vice-President","Bernie Sanders","116","36.94%",110
"221","President/Vice-President","Hillary Clinton","928","62.62%",111
"222","President/Vice-President","Bernie Sanders","527","35.56%",111
"223","President/Vice-President","Hillary Clinton","628","66.81%",112
"224","President/Vice-President","Bernie Sanders","298","31.70%",112
"225","President/Vice-President","Hillary Clinton","464","80.00%",113
"226","President/Vice-President","Bernie Sanders","101","17.41%",113
"227","President/Vice-President","Hillary Clinton","351","63.47%",114
"228","President/Vice-President","Bernie Sanders","192","34.72%",114
"229","President/Vice-President","Hillary Clinton","99","39.92%",115
"230","President/Vice-President","Bernie Sanders","97","39.11%",115
"231","President/Vice-President","Hillary Clinton","1,329","60.46%",116
"232","President/Vice-President","Bernie Sanders","849","38.63%",116
"233","President/Vice-President","Hillary Clinton","153","55.84%",117
"234","President/Vice-President","Bernie Sanders","103","37.59%",117
"235","President/Vice-President","Hillary Clinton","28","65.12%",118
"236","President/Vice-President","Bernie Sanders","14","32.56%",118
"237","President/Vice-President","Hillary Clinton","87","62.14%",119
"238","President/Vice-President","Bernie Sanders","46","32.86%",119
"239","President/Vice-President","Hillary Clinton","266","70.56%",120
"240","President/Vice-President","Bernie Sanders","94","24.93%",120
"241","President/Vice-President","Hillary Clinton","932","75.65%",121
"242","President/Vice-President","Bernie Sanders","270","21.92%",121
"243","President/Vice-President","Hillary Clinton","140","49.47%",122
"244","President/Vice-President","Bernie Sanders","132","46.64%",122
"245","President/Vice-President","Hillary Clinton","16,589","76.94%",123
"246","President/Vice-President","Bernie Sanders","4,441","20.60%",123
"247","President/Vice-President","Hillary Clinton","1,421","75.03%",124
"248","President/Vice-President","Bernie Sanders","356","18.80%",124
"249","President/Vice-President","Hillary Clinton","4,697","71.68%",125
"250","President/Vice-President","Bernie Sanders","1,436","21.91%",125
"251","President/Vice-President","Hillary Clinton","2,271","58.52%",126
"252","President/Vice-President","Bernie Sanders","1,566","40.35%",126
"253","President/Vice-President","Hillary Clinton","173","63.14%",127
"254","President/Vice-President","Bernie Sanders","95","34.67%",127
"255","President/Vice-President","Hillary Clinton","726","52.95%",128
"256","President/Vice-President","Bernie Sanders","479","34.94%",128
"257","President/Vice-President","Hillary Clinton","2,234","69.64%",129
"258","President/Vice-President","Bernie Sanders","951","29.64%",129
"259","President/Vice-President","Hillary Clinton","641","56.18%",130
"260","President/Vice-President","Bernie Sanders","491","43.03%",130
"261","President/Vice-President","Hillary Clinton","63","59.43%",131
"262","President/Vice-President","Bernie Sanders","32","30.19%",131
"263","President/Vice-President","Hillary Clinton","22","36.67%",132
"264","President/Vice-President","Bernie Sanders","28","46.67%",132
"265","President/Vice-President","Hillary Clinton","1,020","58.35%",133
"266","President/Vice-President","Bernie Sanders","709","40.56%",133
"267","President/Vice-President","Hillary Clinton","29","44.62%",134
"268","President/Vice-President","Bernie Sanders","34","52.31%",134
"269","President/Vice-President","Hillary Clinton","2","66.67%",135
"270","President/Vice-President","Bernie Sanders","1","33.33%",135
"271","President/Vice-President","Hillary Clinton","211","60.81%",136
"272","President/Vice-President","Bernie Sanders","107","30.84%",136
"273","President/Vice-President","Hillary Clinton","1,740","70.73%",137
"274","President/Vice-President","Bernie Sanders","630","25.61%",137
"275","President/Vice-President","Hillary Clinton","68","71.58%",138
"276","President/Vice-President","Bernie Sanders","17","17.89%",138
"277","President/Vice-President","Hillary Clinton","924","69.32%",139
"278","President/Vice-President","Bernie Sanders","388","29.11%",139
"279","President/Vice-President","Hillary Clinton","172","53.25%",140
"280","President/Vice-President","Bernie Sanders","87","26.93%",140
"281","President/Vice-President","Hillary Clinton","324","59.78%",141
"282","President/Vice-President","Bernie Sanders","207","38.19%",141
"283","President/Vice-President","Hillary Clinton","557","69.80%",142
"284","President/Vice-President","Bernie Sanders","157","19.67%",142
"285","President/Vice-President","Hillary Clinton","322","68.51%",143
"286","President/Vice-President","Bernie Sanders","137","29.15%",143
"287","President/Vice-President","Hillary Clinton","367","65.42%",144
"288","President/Vice-President","Bernie Sanders","180","32.09%",144
"289","President/Vice-President","Hillary Clinton","289","74.29%",145
"290","President/Vice-President","Bernie Sanders","89","22.88%",145
"291","President/Vice-President","Hillary Clinton","1,043","71.29%",146
"292","President/Vice-President","Bernie Sanders","383","26.18%",146
"293","President/Vice-President","Hillary Clinton","592","79.14%",147
"294","President/Vice-President","Bernie Sanders","144","19.25%",147
"295","President/Vice-President","Hillary Clinton","22","64.71%",148
"296","President/Vice-President","Bernie Sanders","11","32.35%",148
"297","President/Vice-President","Hillary Clinton","203","67.44%",149
"298","President/Vice-President","Bernie Sanders","73","24.25%",149
"299","President/Vice-President","Hillary Clinton","519","64.79%",150
"300","President/Vice-President","Bernie Sanders","267","33.33%",150
"301","President/Vice-President","Hillary Clinton","3","25.00%",151
"302","President/Vice-President","Bernie Sanders","5","41.67%",151
"303","President/Vice-President","Hillary Clinton","5,782","57.34%",152
"304","President/Vice-President","Bernie Sanders","4,137","41.03%",152
"305","President/Vice-President","Hillary Clinton","14","58.33%",153
"306","President/Vice-President","Bernie Sanders","10","41.67%",153
"307","President/Vice-President","Hillary Clinton","227","75.17%",154
"308","President/Vice-President","Bernie Sanders","70","23.18%",154
"309","President/Vice-President","Hillary Clinton","422","76.17%",155
"310","President/Vice-President","Bernie Sanders","123","22.20%",155
"311","President/Vice-President","Hillary Clinton","36","59.02%",156
"312","President/Vice-President","Bernie Sanders","17","27.87%",156
"313","President/Vice-President","Hillary Clinton","89","62.68%",157
"314","President/Vice-President","Bernie Sanders","50","35.21%",157
"315","President/Vice-President","Hillary Clinton","1,088","74.16%",158
"316","President/Vice-President","Bernie Sanders","344","23.45%",158
"317","President/Vice-President","Hillary Clinton","4,343","69.54%",159
"318","President/Vice-President","Bernie Sanders","1,508","24.15%",159
"319","President/Vice-President","Hillary Clinton","93","65.96%",160
"320","President/Vice-President","Bernie Sanders","43","30.50%",160
"321","President/Vice-President","Hillary Clinton","5,531","66.95%",161
"322","President/Vice-President","Bernie Sanders","2,633","31.87%",161
"323","President/Vice-President","Hillary Clinton","4","80.00%",162
"324","President/Vice-President","Bernie Sanders","1","20.00%",162
"325","President/Vice-President","Hillary Clinton","1,073","69.72%",163
"326","President/Vice-President","Bernie Sanders","436","28.33%",163
"327","President/Vice-President","Hillary Clinton","23","56.10%",164
"328","President/Vice-President","Bernie Sanders","16","39.02%",164
"329","President/Vice-President","Hillary Clinton","1,556","63.07%",165
"330","President/Vice-President","Bernie Sanders","854","34.62%",165
"331","President/Vice-President","Hillary Clinton","577","67.80%",166
"332","President/Vice-President","Bernie Sanders","252","29.61%",166
"333","President/Vice-President","Hillary Clinton","50","53.19%",167
"334","President/Vice-President","Bernie Sanders","41","43.62%",167
"335","President/Vice-President","Hillary Clinton","109","73.15%",168
"336","President/Vice-President","Bernie Sanders","33","22.15%",168
"337","President/Vice-President","Hillary Clinton","153","54.26%",169
"338","President/Vice-President","Bernie Sanders","122","43.26%",169
"339","President/Vice-President","Hillary Clinton","7,540","59.48%",170
"340","President/Vice-President","Bernie Sanders","5,040","39.76%",170
"341","President/Vice-President","Hillary Clinton","149","59.84%",171
"342","President/Vice-President","Bernie Sanders","81","32.53%",171
"343","President/Vice-President","Hillary Clinton","488","71.35%",172
"344","President/Vice-President","Bernie Sanders","169","24.71%",172
"345","President/Vice-President","Hillary Clinton","13","68.42%",173
"346","President/Vice-President","Bernie Sanders","6","31.58%",173
"347","President/Vice-President","Hillary Clinton","1,600","65.20%",174
"348","President/Vice-President","Bernie Sanders","829","33.78%",174
"349","President/Vice-President","Hillary Clinton","957","72.45%",175
"350","President/Vice-President","Bernie Sanders","334","25.28%",175
"351","President/Vice-President","Hillary Clinton","605","46.22%",176
"352","President/Vice-President","Bernie Sanders","529","40.41%",176
"353","President/Vice-President","Hillary Clinton","270","65.53%",177
"354","President/Vice-President","Bernie Sanders","122","29.61%",177
"355","President/Vice-President","Hillary Clinton","15,671","70.48%",178
"356","President/Vice-President","Bernie Sanders","6,175","27.77%",178
"357","President/Vice-President","Hillary Clinton","36","53.73%",179
"358","President/Vice-President","Bernie Sanders","29","43.28%",179
"359","President/Vice-President","Hillary Clinton","11","68.75%",180
"360","President/Vice-President","Bernie Sanders","4","25.00%",180
"361","President/Vice-President","Hillary Clinton","1,852","68.06%",181
"362","President/Vice-President","Bernie Sanders","816","29.99%",181
"363","President/Vice-President","Hillary Clinton","361","59.47%",182
"364","President/Vice-President","Bernie Sanders","230","37.89%",182
"365","President/Vice-President","Hillary Clinton","559","80.09%",183
"366","President/Vice-President","Bernie Sanders","130","18.62%",183
"367","President/Vice-President","Hillary Clinton","1,808","54.56%",184
"368","President/Vice-President","Bernie Sanders","1,475","44.51%",184
"369","President/Vice-President","Hillary Clinton","82","72.57%",185
"370","President/Vice-President","Bernie Sanders","26","23.01%",185
"371","President/Vice-President","Hillary Clinton","816","55.43%",186
"372","President/Vice-President","Bernie Sanders","488","33.15%",186
"373","President/Vice-President","Hillary Clinton","860","71.07%",187
"374","President/Vice-President","Bernie Sanders","326","26.94%",187
"375","President/Vice-President","Hillary Clinton","1,490","56.53%",188
"376","President/Vice-President","Bernie Sanders","1,094","41.50%",188
"377","President/Vice-President","Hillary Clinton","776","57.40%",189
"378","President/Vice-President","Bernie Sanders","447","33.06%",189
"379","President/Vice-President","Hillary Clinton","173","64.31%",190
"380","President/Vice-President","Bernie Sanders","89","33.09%",190
"381","President/Vice-President","Hillary Clinton","1,591","51.01%",191
"382","President/Vice-President","Bernie Sanders","1,489","47.74%",191
"383","President/Vice-President","Hillary Clinton","12","63.16%",192
"384","President/Vice-President","Bernie Sanders","7","36.84%",192
"385","President/Vice-President","Hillary Clinton","28","53.85%",193
"386","President/Vice-President","Bernie Sanders","23","44.23%",193
"387","President/Vice-President","Hillary Clinton","378","79.08%",194
"388","President/Vice-President","Bernie Sanders","87","18.20%",194
"389","President/Vice-President","Hillary Clinton","1,128","59.59%",195
"390","President/Vice-President","Bernie Sanders","563","29.74%",195
"391","President/Vice-President","Hillary Clinton","549","64.14%",196
"392","President/Vice-President","Bernie Sanders","254","29.67%",196
"393","President/Vice-President","Hillary Clinton","3","60.00%",197
"394","President/Vice-President","Bernie Sanders","2","40.00%",197
"395","President/Vice-President","Hillary Clinton","896","70.94%",198
"396","President/Vice-President","Bernie Sanders","289","22.88%",198
"397","President/Vice-President","Hillary Clinton","1,726","59.52%",199
"398","President/Vice-President","Bernie Sanders","1,046","36.07%",199
"399","President/Vice-President","Hillary Clinton","80","57.55%",200
"400","President/Vice-President","Bernie Sanders","55","39.57%",200
"401","President/Vice-President","Hillary Clinton","1,114","78.12%",201
"402","President/Vice-President","Bernie Sanders","276","19.35%",201
"403","President/Vice-President","Hillary Clinton","192","66.44%",202
"404","President/Vice-President","Bernie Sanders","82","28.37%",202
"405","President/Vice-President","Hillary Clinton","368","83.07%",203
"406","President/Vice-President","Bernie Sanders","62","14.00%",203
"407","President/Vice-President","Hillary Clinton","562","72.05%",204
"408","President/Vice-President","Bernie Sanders","193","24.74%",204
"409","President/Vice-President","Hillary Clinton","2,638","73.16%",205
"410","President/Vice-President","Bernie Sanders","850","23.57%",205
"411","President/Vice-President","Hillary Clinton","58","67.44%",206
"412","President/Vice-President","Bernie Sanders","27","31.40%",206
"413","President/Vice-President","Hillary Clinton","58","64.44%",207
"414","President/Vice-President","Bernie Sanders","24","26.67%",207
"415","President/Vice-President","Hillary Clinton","154","61.60%",208
"416","President/Vice-President","Bernie Sanders","85","34.00%",208
"417","President/Vice-President","Hillary Clinton","15","50.00%",209
"418","President/Vice-President","Bernie Sanders","14","46.67%",209
"419","President/Vice-President","Hillary Clinton","346","77.75%",210
"420","President/Vice-President","Bernie Sanders","90","20.22%",210
"421","President/Vice-President","Hillary Clinton","19","61.29%",211
"422","President/Vice-President","Bernie Sanders","8","25.81%",211
"423","President/Vice-President","Hillary Clinton","5,778","73.50%",212
"424","President/Vice-President","Bernie Sanders","2,003","25.48%",212
"425","President/Vice-President","Hillary Clinton","66","49.25%",213
"426","President/Vice-President","Bernie Sanders","67","50.00%",213
"427","President/Vice-President","Hillary Clinton","6,936","77.78%",214
"428","President/Vice-President","Bernie Sanders","1,635","18.34%",214
"429","President/Vice-President","Hillary Clinton","45","55.56%",215
"430","President/Vice-President","Bernie Sanders","35","43.21%",215
"431","President/Vice-President","Hillary Clinton","5","50.00%",216
"432","President/Vice-President","Bernie Sanders","4","40.00%",216
"433","President/Vice-President","Hillary Clinton","59","57.84%",217
"434","President/Vice-President","Bernie Sanders","36","35.29%",217
"435","President/Vice-President","Hillary Clinton","27","69.23%",218
"436","President/Vice-President","Bernie Sanders","10","25.64%",218
"437","President/Vice-President","Hillary Clinton","141","60.52%",219
"438","President/Vice-President","Bernie Sanders","78","33.48%",219
"439","President/Vice-President","Hillary Clinton","68,044","65.15%",220
"440","President/Vice-President","Bernie Sanders","35,733","34.21%",220
"441","President/Vice-President","Hillary Clinton","1,794","54.61%",221
"442","President/Vice-President","Bernie Sanders","1,427","43.44%",221
"443","President/Vice-President","Hillary Clinton","67","43.51%",222
"444","President/Vice-President","Bernie Sanders","64","41.56%",222
"445","President/Vice-President","Hillary Clinton","141","59.00%",223
"446","President/Vice-President","Bernie Sanders","83","34.73%",223
"447","President/Vice-President","Hillary Clinton","26","61.90%",224
"448","President/Vice-President","Bernie Sanders","16","38.10%",224
"449","President/Vice-President","Hillary Clinton","552","71.32%",225
"450","President/Vice-President","Bernie Sanders","197","25.45%",225
"451","President/Vice-President","Hillary Clinton","1,657","55.94%",226
"452","President/Vice-President","Bernie Sanders","1,239","41.83%",226
"453","President/Vice-President","Hillary Clinton","69,446","48.18%",227
"454","President/Vice-President","Bernie Sanders","74,068","51.38%",227
"455","President/Vice-President","Hillary Clinton","333","71.77%",228
"456","President/Vice-President","Bernie Sanders","117","25.22%",228
"457","President/Vice-President","Hillary Clinton","453","74.26%",229
"458","President/Vice-President","Bernie Sanders","139","22.79%",229
"459","President/Vice-President","Hillary Clinton","725","71.71%",230
"460","President/Vice-President","Bernie Sanders","269","26.61%",230
"461","President/Vice-President","Hillary Clinton","91","55.83%",231
"462","President/Vice-President","Bernie Sanders","45","27.61%",231
"463","President/Vice-President","Hillary Clinton","1,744","63.35%",232
"464","President/Vice-President","Bernie Sanders","762","27.68%",232
"465","President/Vice-President","Hillary Clinton","1,776","65.80%",233
"466","President/Vice-President","Bernie Sanders","765","28.34%",233
"467","President/Vice-President","Hillary Clinton","722","64.12%",234
"468","President/Vice-President","Bernie Sanders","377","33.48%",234
"469","President/Vice-President","Hillary Clinton","2,206","64.47%",235
"470","President/Vice-President","Bernie Sanders","1,119","32.70%",235
"471","President/Vice-President","Hillary Clinton","1,292","61.29%",236
"472","President/Vice-President","Bernie Sanders","789","37.43%",236
"473","President/Vice-President","Hillary Clinton","1,221","67.42%",237
"474","President/Vice-President","Bernie Sanders","559","30.87%",237
"475","President/Vice-President","Hillary Clinton","306","62.20%",238
"476","President/Vice-President","Bernie Sanders","147","29.88%",238
"477","President/Vice-President","Hillary Clinton","782","72.95%",239
"478","President/Vice-President","Bernie Sanders","278","25.93%",239
"479","President/Vice-President","Hillary Clinton","18,559","71.86%",240
"480","President/Vice-President","Bernie Sanders","6,177","23.92%",240
"481","President/Vice-President","Hillary Clinton","961","78.51%",241
"482","President/Vice-President","Bernie Sanders","224","18.30%",241
"483","President/Vice-President","Hillary Clinton","37","59.68%",242
"484","President/Vice-President","Bernie Sanders","23","37.10%",242
"485","President/Vice-President","Hillary Clinton","1,958","55.47%",243
"486","President/Vice-President","Bernie Sanders","1,524","43.17%",243
"487","President/Vice-President","Hillary Clinton","136","61.54%",244
"488","President/Vice-President","Bernie Sanders","75","33.94%",244
"489","President/Vice-President","Hillary Clinton","2,081","70.04%",245
"490","President/Vice-President","Bernie Sanders","660","22.21%",245
"491","President/Vice-President","Hillary Clinton","16,396","52.65%",246
"492","President/Vice-President","Bernie Sanders","14,554","46.74%",246
"493","President/Vice-President","Hillary Clinton","1,282","71.46%",247
"494","President/Vice-President","Bernie Sanders","481","26.81%",247
"495","President/Vice-President","Hillary Clinton","30","69.77%",248
"496","President/Vice-President","Bernie Sanders","11","25.58%",248
"497","President/Vice-President","Hillary Clinton","751","56.21%",249
"498","President/Vice-President","Bernie Sanders","558","41.77%",249
"499","President/Vice-President","Hillary Clinton","663","68.70%",250
"500","President/Vice-President","Bernie Sanders","285","29.53%",250
"501","President/Vice-President","Hillary Clinton","9","42.86%",251
"502","President/Vice-President","Bernie Sanders","10","47.62%",251
"503","President/Vice-President","Hillary Clinton","201","58.77%",252
"504","President/Vice-President","Bernie Sanders","132","38.60%",252
"505","President/Vice-President","Hillary Clinton","1,973","67.89%",253
"506","President/Vice-President","Bernie Sanders","685","23.57%",253
"507","President/Vice-President","Hillary Clinton","1,557","75.51%",254
"508","President/Vice-President","Bernie Sanders","373","18.09%",254
